Title,Budget,DomesticTotalGross,Director,Rating,Runtime,ReleaseDate
The Hunger Games: Catching Fire,130000000.0,424668047,Francis Lawrence,PG-13,146,2013-11-22 00:00:00
Iron Man 3,200000000.0,409013994,Shane Black,PG-13,129,2013-05-03 00:00:00
Frozen,150000000.0,400738009,"Chris Buck, Jennifer Lee",PG,108,2013-11-22 00:00:00
Despicable Me 2,76000000.0,368061265,"Pierre Coffin, Chris Renaud",PG,98,2013-07-03 00:00:00
Man of Steel,225000000.0,291045518,Zack Snyder,PG-13,143,2013-06-14 00:00:00
Gravity,100000000.0,274092705,Alfonso Cuaron,PG-13,91,2013-10-04 00:00:00
Monsters University,,268492764,Dan Scanlon,G,107,2013-06-21 00:00:00
The Hobbit: The Desolation of Smaug,,258366855,Peter Jackson,PG-13,161,2013-12-13 00:00:00
Fast & Furious 6,160000000.0,238679850,Justin Lin,PG-13,130,2013-05-24 00:00:00
Oz The Great and Powerful,215000000.0,234911825,Sam Raimi,PG,127,2013-03-08 00:00:00
Star Trek Into Darkness,190000000.0,228778661,J.J. Abrams,PG-13,123,2013-05-16 00:00:00
Thor: The Dark World,170000000.0,206362140,Alan Taylor,PG-13,120,2013-11-08 00:00:00
World War Z,190000000.0,202359711,Marc Forster,PG-13,116,2013-06-21 00:00:00
The Croods,135000000.0,187168425,"Kirk De Micco, Chris Sanders",PG,98,2013-03-22 00:00:00
The Heat,43000000.0,159582188,Paul Feig,R,117,2013-06-28 00:00:00
We're the Millers,37000000.0,150394119,Rawson Marshall Thurber,R,110,2013-08-07 00:00:00
American Hustle,40000000.0,150117807,David O. Russell,R,138,2013-12-13 00:00:00
The Great Gatsby (2013),105000000.0,144840419,Baz Luhrmann,PG-13,143,2013-05-10 00:00:00
The Conjuring,20000000.0,137400141,James Wan,R,112,2013-07-19 00:00:00
Identity Thief,35000000.0,134506920,Seth Gordon,R,111,2013-02-08 00:00:00
Grown Ups 2,80000000.0,133668525,Dennis Dugan,PG-13,101,2013-07-12 00:00:00
The Wolverine,120000000.0,132556852,James Mangold,PG-13,126,2013-07-26 00:00:00
Anchorman 2: The Legend Continues,50000000.0,125168368,Adam McKay,PG-13,119,2013-12-18 00:00:00
Lone Survivor,40000000.0,125095601,Peter Berg,R,121,2013-12-25 00:00:00
G.I. Joe: Retaliation,130000000.0,122523060,Jon Chu,PG-13,99,2013-03-28 00:00:00
Cloudy with a Chance of Meatballs 2,78000000.0,119793567,,PG,95,2013-09-27 00:00:00
Now You See Me,75000000.0,117723989,Louis Leterrier,PG-13,116,2013-05-31 00:00:00
The Wolf of Wall Street,100000000.0,116900694,Martin Scorsese,R,180,2013-12-25 00:00:00
Lee Daniels' The Butler,30000000.0,116632095,Lee Daniels,PG-13,132,2013-08-16 00:00:00
The Hangover Part III,103000000.0,112200072,Todd Phillips,R,100,2013-05-23 00:00:00
Epic,100000000.0,107518682,Chris Wedge,PG,102,2013-05-24 00:00:00
Captain Phillips,55000000.0,107100855,Paul Greengrass,PG-13,134,2013-10-11 00:00:00
Jackass Presents: Bad Grandpa,15000000.0,102003019,Jeff Tremaine,R,93,2013-10-25 00:00:00
Pacific Rim,190000000.0,101802906,Guillermo del Toro,PG-13,131,2013-07-12 00:00:00
This is the End,32000000.0,101470202,"Evan Goldberg, Seth Rogen",R,107,2013-06-12 00:00:00
Olympus Has Fallen,70000000.0,98925640,Antoine Fuqua,R,120,2013-03-22 00:00:00
42,40000000.0,95020213,Brian Helgeland,PG-13,128,2013-04-12 00:00:00
Elysium,115000000.0,93050117,Neill Blomkamp,R,109,2013-08-09 00:00:00
Planes,50000000.0,90288712,Klay Hall,PG,92,2013-08-09 00:00:00
The Lone Ranger,215000000.0,89302115,Gore Verbinski,PG-13,149,2013-07-03 00:00:00
Oblivion,120000000.0,89107235,Joseph Kosinski,PG-13,125,2013-04-19 00:00:00
Insidious Chapter 2,5000000.0,83586447,James Wan,PG-13,105,2013-09-13 00:00:00
Saving Mr. Banks,35000000.0,83301580,John Lee Hancock,PG-13,120,2013-12-13 00:00:00
Turbo,135000000.0,83028128,David Soren,PG,96,2013-07-17 00:00:00
2 Guns,61000000.0,75612460,Baltasar Kormakur,R,109,2013-08-02 00:00:00
White House Down,150000000.0,73103784,Roland Emmerich,PG-13,137,2013-06-28 00:00:00
Mama,15000000.0,71628180,Andres Muschietti,PG-13,100,2013-01-18 00:00:00
Safe Haven,28000000.0,71349120,Lasse Hallstrom,PG-13,115,2013-02-14 00:00:00
The Smurfs 2,105000000.0,71017784,Raja Gosnell,PG,105,2013-07-31 00:00:00
The Best Man Holiday,17000000.0,70525195,Malcolm D. Lee,R,122,2013-11-15 00:00:00
Percy Jackson: Sea of Monsters,90000000.0,68559554,Thor Freudenthal,PG,106,2013-08-07 00:00:00
A Good Day to Die Hard,92000000.0,67349198,John Moore,R,97,2013-02-14 00:00:00
Warm Bodies,35000000.0,66380662,Jonathan Levine,PG-13,97,2013-02-01 00:00:00
Jack the Giant Slayer,195000000.0,65187603,Bryan Singer,PG-13,114,2013-03-01 00:00:00
The Purge,3000000.0,64473115,James DeMonaco,R,85,2013-06-07 00:00:00
Last Vegas,28000000.0,63914167,Jon Turteltaub,PG-13,90,2013-11-01 00:00:00
Ender's Game,110000000.0,61737191,,PG-13,114,2013-11-01 00:00:00
Prisoners,46000000.0,61002302,Denis Villeneuve,R,146,2013-09-20 00:00:00
After Earth,130000000.0,60522097,M. Night Shyamalan,PG-13,100,2013-05-31 00:00:00
The Secret Life of Walter Mitty,90000000.0,58236838,Ben Stiller,PG,114,2013-12-25 00:00:00
Escape From Planet Earth,40000000.0,57012977,Cal Brunker,PG,89,2013-02-15 00:00:00
12 Years a Slave,20000000.0,56671993,Steve McQueen (II),R,133,2013-10-18 00:00:00
Free Birds,55000000.0,55750480,Jimmy Hayward,PG,90,2013-11-01 00:00:00
Hansel and Gretel: Witch Hunters,50000000.0,55703475,Tommy Wirkola,R,88,2013-01-25 00:00:00
Evil Dead (2013),17000000.0,54239856,Fede Alvarez,R,91,2013-04-05 00:00:00
Red 2,84000000.0,53262560,Dean Parisot,PG-13,116,2013-07-19 00:00:00
Tyler Perry's A Madea Christmas,,52543354,Tyler Perry,PG-13,105,2013-12-13 00:00:00
Tyler Perry's Temptation: Confessions of a Marriage Counselor,,51975354,Tyler Perry,PG-13,111,2013-03-29 00:00:00
The Call,13000000.0,51872378,Brad Anderson,R,95,2013-03-15 00:00:00
Pain and Gain,26000000.0,49875291,Michael Bay,R,129,2013-04-26 00:00:00
Gangster Squad,60000000.0,46000903,Ruben Fleischer,R,113,2013-01-11 00:00:00
Jurassic Park 3D,10000000.0,45385935,,PG-13,127,2013-04-05 00:00:00
The Internship,58000000.0,44672764,Shawn Levy,PG-13,119,2013-06-07 00:00:00
Instructions Not Included,,44467206,,PG-13,115,2013-08-30 00:00:00
Snitch,,42930462,Ric Roman Waugh,PG-13,112,2013-02-22 00:00:00
Riddick,38000000.0,42025135,David Twohy,R,119,2013-09-06 00:00:00
A Haunted House,2500000.0,40041683,Michael Tiddes,R,80,2013-01-11 00:00:00
47 Ronin,175000000.0,38362475,Carl Rinsch,PG-13,127,2013-12-25 00:00:00
August: Osage County,,37738810,John Wells,R,130,2013-12-27 00:00:00
Philomena,12000000.0,37709979,Stephen Frears,PG-13,95,2013-11-22 00:00:00
The Family (2013),30000000.0,36918811,Luc Besson,R,112,2013-09-13 00:00:00
Walking with Dinosaurs,80000000.0,36076121,"Barry Cook, Neil Nightingale",PG,87,2013-12-20 00:00:00
Carrie (2013),30000000.0,35266619,Kimberly Peirce,R,92,2013-10-18 00:00:00
Texas Chainsaw 3D,,34341945,John Luessenhop,R,92,2013-01-04 00:00:00
R.I.P.D.,130000000.0,33618855,Robert Schwentke,PG-13,96,2013-07-19 00:00:00
Blue Jasmine,,33405481,Woody Allen,PG-13,98,2013-07-26 00:00:00
Kevin Hart: Let Me Explain,,32244051,,R,75,2013-07-03 00:00:00
Side Effects (2013),,32172757,Steven Soderbergh,R,106,2013-02-08 00:00:00
Scary Movie 5,20000000.0,32015787,Malcolm D. Lee,PG-13,85,2013-04-12 00:00:00
The Mortal Instruments: City of Bones,60000000.0,31165421,Harald Zwart,PG-13,120,2013-08-21 00:00:00
Delivery Man,26000000.0,30664106,Ken Scott,PG-13,105,2013-11-22 00:00:00
Grudge Match,40000000.0,29807260,Peter Segal,PG-13,113,2013-12-25 00:00:00
One Direction: This is Us,10000000.0,28873374,Morgan Spurlock,PG,92,2013-08-30 00:00:00
Kick-Ass 2,28000000.0,28795985,Jeff Wadlow,R,103,2013-08-16 00:00:00
Dallas Buyers Club,5000000.0,27298285,Jean-Marc Vallee,R,117,2013-11-01 00:00:00
Rush (2013),38000000.0,26947624,Ron Howard,R,123,2013-09-20 00:00:00
The Host (2013),40000000.0,26627201,Andrew Niccol,PG-13,125,2013-03-29 00:00:00
The World's End,20000000.0,26004851,Edgar Wright,R,109,2013-08-23 00:00:00
21 and Over,13000000.0,25682380,"Jon Lucas, Scott Moore",R,93,2013-03-01 00:00:00
Her (2013),23000000.0,25568251,Spike Jonze,R,120,2013-12-18 00:00:00
American Sniper,58800000.0,350126372,Clint Eastwood,R,132,2014-12-25 00:00:00
The Hunger Games: Mockingjay - Part 1,125000000.0,337135885,Francis Lawrence,PG-13,123,2014-11-21 00:00:00
Guardians of the Galaxy,170000000.0,333176600,James Gunn,PG-13,121,2014-08-01 00:00:00
Captain America: The Winter Soldier,170000000.0,259766572,"Anthony Russo, Joe Russo",PG-13,136,2014-04-04 00:00:00
The LEGO Movie,60000000.0,257760692,"Phil Lord, Chris Miller (II)",PG,100,2014-02-07 00:00:00
The Hobbit: The Battle of the Five Armies,,255119788,Peter Jackson,PG-13,144,2014-12-17 00:00:00
Transformers: Age of Extinction,210000000.0,245439076,Michael Bay,PG-13,165,2014-06-27 00:00:00
Maleficent,180000000.0,241410378,Robert Stromberg,PG,97,2014-05-30 00:00:00
X-Men: Days of Future Past,200000000.0,233921534,Bryan Singer,PG-13,131,2014-05-23 00:00:00
Big Hero 6,165000000.0,222527828,"Don Hall, Chris Williams",PG,108,2014-11-07 00:00:00
Dawn of the Planet of the Apes,170000000.0,208545589,Matt Reeves,PG-13,130,2014-07-11 00:00:00
The Amazing Spider-Man 2,,202853933,Marc Webb,PG-13,142,2014-05-02 00:00:00
Godzilla (2014),160000000.0,200676069,Gareth Edwards,PG-13,123,2014-05-16 00:00:00
22 Jump Street,50000000.0,191719337,"Phil Lord, Chris Miller (II)",R,112,2014-06-13 00:00:00
Teenage Mutant Ninja Turtles (2014),125000000.0,191204754,Jonathan Liebesman,PG-13,101,2014-08-08 00:00:00
Interstellar,165000000.0,188020017,Christopher Nolan,PG-13,169,2014-11-05 00:00:00
How to Train Your Dragon 2,145000000.0,177002924,Dean DeBlois,PG,105,2014-06-13 00:00:00
Gone Girl,61000000.0,167767189,David Fincher,R,145,2014-10-03 00:00:00
Divergent,85000000.0,150947895,Neil Burger,PG-13,143,2014-03-21 00:00:00
Neighbors,18000000.0,150157400,Nick Stoller,R,96,2014-05-09 00:00:00
Ride Along,25000000.0,134938200,Tim Story,PG-13,100,2014-01-17 00:00:00
Rio 2,103000000.0,131538435,Carlos Saldanha,G,101,2014-04-11 00:00:00
Into the Woods,50000000.0,128002372,Rob Marshall,PG,124,2014-12-25 00:00:00
Lucy,40000000.0,126663600,Luc Besson,R,90,2014-07-25 00:00:00
The Fault in our Stars,12000000.0,124872350,Josh Boone,PG-13,125,2014-06-06 00:00:00
Unbroken,65000000.0,115637895,Angelina Jolie,PG-13,137,2014-12-25 00:00:00
Night at the Museum: Secret of the Tomb,127000000.0,113746621,Shawn Levy,PG,97,2014-12-19 00:00:00
Mr. Peabody & Sherman,145000000.0,111506430,Rob Minkoff,PG,90,2014-03-07 00:00:00
300: Rise of An Empire,110000000.0,106580051,Noam Murro,R,102,2014-03-07 00:00:00
The Maze Runner,34000000.0,102427862,Wes Ball,PG-13,113,2014-09-19 00:00:00
The Equalizer,55000000.0,101530738,Antoine Fuqua,R,128,2014-09-26 00:00:00
Noah,125000000.0,101200044,Darren Aronofsky,PG-13,138,2014-03-28 00:00:00
Edge of Tomorrow,178000000.0,100206256,Doug Liman,PG-13,113,2014-06-06 00:00:00
Non-Stop,50000000.0,92168600,Jaume Collet-Serra,PG-13,110,2014-02-28 00:00:00
Heaven is for Real,12000000.0,91443253,Randall Wallace,PG,100,2014-04-16 00:00:00
The Imitation Game,,91125683,Morten Tyldum,PG-13,114,2014-11-28 00:00:00
Dumb and Dumber To,40000000.0,86208010,The Farrelly Bros.,PG-13,110,2014-11-14 00:00:00
Annie (2014),65000000.0,85911262,Will Gluck,PG,118,2014-12-19 00:00:00
Fury (2014),68000000.0,85817906,David Ayer,R,134,2014-10-17 00:00:00
Tammy,20000000.0,84525432,,R,96,2014-07-02 00:00:00
Annabelle,6500000.0,84273813,John R. Leonetti,R,95,2014-10-03 00:00:00
The Other Woman (2014),40000000.0,83911193,Nick Cassavetes,PG-13,109,2014-04-25 00:00:00
Penguins of Madagascar,132000000.0,83350911,"Eric Darnell, Simon J. Smith",PG,92,2014-11-26 00:00:00
Let's Be Cops,17000000.0,82390774,Luke Greenfield,R,104,2014-08-13 00:00:00
The Monuments Men,70000000.0,78031620,George Clooney,PG-13,110,2014-02-07 00:00:00
Hercules (2014),100000000.0,72688614,Brett Ratner,PG-13,98,2014-07-25 00:00:00
The Purge: Anarchy,9000000.0,71962800,James DeMonaco,R,103,2014-07-18 00:00:00
"Alexander and the Terrible, Horrible, No Good, Very Bad Day",28000000.0,66954149,Miguel Arteta,PG,81,2014-10-10 00:00:00
Think Like a Man Too,24000000.0,65182182,Tim Story,PG-13,106,2014-06-20 00:00:00
Exodus: Gods and Kings,140000000.0,65014513,Ridley Scott,PG-13,150,2014-12-12 00:00:00
The Nut Job,42000000.0,64251541,Peter Lepeniotis,PG,86,2014-01-17 00:00:00
God's Not Dead,2000000.0,60755732,,PG,113,2014-03-21 00:00:00
Son of God,,59700064,Christopher Spencer,PG-13,138,2014-02-28 00:00:00
The Grand Budapest Hotel,25000000.0,59301324,Wes Anderson,R,100,2014-03-07 00:00:00
Planes: Fire & Rescue,50000000.0,59165787,,PG,83,2014-07-18 00:00:00
RoboCop (2014),100000000.0,58607007,Jose Padilha,PG-13,108,2014-02-12 00:00:00
Dracula Untold,70000000.0,56280355,Gary Shore,PG-13,92,2014-10-10 00:00:00
Horrible Bosses 2,42000000.0,54445357,Sean Anders,R,108,2014-11-26 00:00:00
The Hundred-Foot Journey,22000000.0,54240821,Lasse Hallstrom,PG,122,2014-08-08 00:00:00
No Good Deed (2014),13200000.0,52543632,Sam Miller,PG-13,84,2014-09-12 00:00:00
Selma,20000000.0,52076908,Ava DuVernay,PG-13,127,2014-12-25 00:00:00
Muppets Most Wanted,50000000.0,51183113,,PG,112,2014-03-21 00:00:00
Ouija,5000000.0,50856010,Stiles White,PG-13,89,2014-10-24 00:00:00
The Boxtrolls,60000000.0,50837305,"Graham Annable, Anthony Stacchi",PG,97,2014-09-26 00:00:00
Jack Ryan: Shadow Recruit,60000000.0,50577412,Kenneth Branagh,PG-13,100,2014-01-17 00:00:00
If I Stay,11000000.0,50474843,R.J. Cutler,PG-13,106,2014-08-22 00:00:00
The Book of Life (2014),50000000.0,50151543,Jorge R. Gutierrez,PG,95,2014-10-17 00:00:00
About Last Night (2014),12500000.0,48637684,Steve Pink,R,100,2014-02-14 00:00:00
Into The Storm,50000000.0,47602194,Steven Quale,PG-13,89,2014-08-08 00:00:00
The Judge,50000000.0,47119388,David Dobkin,R,141,2014-10-10 00:00:00
Jersey Boys,40000000.0,47047013,Clint Eastwood,R,134,2014-06-20 00:00:00
Blended,40000000.0,46294610,Frank Coraci,PG-13,117,2014-05-23 00:00:00
The Giver,25000000.0,45090374,Phillip Noyce,PG-13,91,2014-08-15 00:00:00
St. Vincent,,44137712,Theodore Melfi,PG-13,103,2014-10-10 00:00:00
Need for Speed,66000000.0,43577636,Scott Waugh,PG-13,130,2014-03-14 00:00:00
A Million Ways to Die in the West,40000000.0,43139300,Seth MacFarlane,R,116,2014-05-30 00:00:00
John Wick,20000000.0,43037835,"David Leitch, Chad Stahelski",R,96,2014-10-24 00:00:00
Birdman,18000000.0,42340598,Alejandro González Iñárritu,R,119,2014-10-17 00:00:00
Dolphin Tale 2,36000000.0,42024533,,PG,107,2014-09-12 00:00:00
The Expendables 3,,39322544,Patrick Hughes,PG-13,103,2014-08-15 00:00:00
Earth to Echo,13000000.0,38934842,Dave Green,PG,91,2014-07-02 00:00:00
Sex Tape,40000000.0,38543473,Jake Kasdan,R,94,2014-07-18 00:00:00
Wild (2014),,37880356,Jean-Marc Vallee,R,115,2014-12-03 00:00:00
Million Dollar Arm,25000000.0,36457627,Craig Gillespie,PG,124,2014-05-16 00:00:00
The Theory of Everything,15000000.0,35893537,,PG-13,123,2014-11-07 00:00:00
This is Where I Leave You,19800000.0,34296320,Shawn Levy,R,103,2014-09-19 00:00:00
The Gambler,25000000.0,33680992,Rupert Wyatt,R,111,2014-12-25 00:00:00
Paranormal Activity: The Marked Ones,5000000.0,32462372,,R,84,2014-01-03 00:00:00
Nightcrawler,8500000.0,32381217,Dan Gilroy,R,117,2014-10-31 00:00:00
Chef,,31424003,Jon Favreau,R,115,2014-05-09 00:00:00
Get On Up,,30703100,Tate Taylor,PG-13,138,2014-08-01 00:00:00
3 Days to Kill,28000000.0,30697999,McG,PG-13,117,2014-02-21 00:00:00
Deliver Us From Evil,30000000.0,30577122,Scott Derrickson,R,118,2014-07-02 00:00:00
When the Game Stands Tall,15000000.0,30127963,Thomas Carter,PG,115,2014-08-22 00:00:00
Draft Day,,28842237,Ivan Reitman,PG-13,110,2014-04-11 00:00:00
Oculus,5000000.0,27695246,Mike Flanagan,R,105,2014-04-11 00:00:00
The Best of Me,26000000.0,26766213,Michael Hoffman,PG-13,117,2014-10-17 00:00:00
A Walk Among the Tombstones,28000000.0,26307600,Scott Frank,R,114,2014-09-19 00:00:00
That Awkward Moment,8000000.0,26068955,Tom Gormican,R,94,2014-01-31 00:00:00
Boyhood,4000000.0,25352281,Richard Linklater,R,166,2014-07-11 00:00:00
Star Wars: The Force Awakens,245000000.0,936662225,J.J. Abrams,PG-13,136,2015-12-18 00:00:00
Jurassic World,150000000.0,652270625,Colin Trevorrow,PG-13,124,2015-06-12 00:00:00
Avengers: Age of Ultron,250000000.0,459005868,Joss Whedon,PG-13,141,2015-05-01 00:00:00
Inside Out,175000000.0,356461711,Pete Docter,PG,94,2015-06-19 00:00:00
Furious 7,190000000.0,353007020,James Wan,PG-13,137,2015-04-03 00:00:00
Minions,74000000.0,336045770,Pierre Coffin,PG,91,2015-07-10 00:00:00
The Hunger Games: Mockingjay - Part 2,160000000.0,281723902,Francis Lawrence,PG-13,137,2015-11-20 00:00:00
The Martian,108000000.0,228433663,Ridley Scott,PG-13,141,2015-10-02 00:00:00
Cinderella (2015),95000000.0,201151353,Kenneth Branagh,PG,112,2015-03-13 00:00:00
Spectre,245000000.0,200074609,Sam Mendes,PG-13,148,2015-11-06 00:00:00
Mission: Impossible - Rogue Nation,150000000.0,195042377,Christopher McQuarrie,PG-13,130,2015-07-31 00:00:00
Pitch Perfect 2,29000000.0,184296230,Elizabeth Banks,PG-13,115,2015-05-15 00:00:00
The Revenant,135000000.0,183637894,Alejandro González Iñárritu,R,151,2015-12-25 00:00:00
Ant-Man,130000000.0,180202163,Peyton Reed,PG-13,117,2015-07-17 00:00:00
Home (2015),135000000.0,177397510,Tim Johnson,PG,94,2015-03-27 00:00:00
Hotel Transylvania 2,80000000.0,169700110,,PG,89,2015-09-25 00:00:00
Fifty Shades of Grey,40000000.0,166167230,,R,125,2015-02-13 00:00:00
The SpongeBob Movie: Sponge Out of Water,74000000.0,162994032,"Mike Mitchell, Paul Tibbitt",PG,93,2015-02-06 00:00:00
Straight Outta Compton,28000000.0,161197785,F. Gary Gray,R,147,2015-08-14 00:00:00
San Andreas,110000000.0,155190832,Brad Peyton,PG-13,114,2015-05-29 00:00:00
Mad Max: Fury Road,150000000.0,153636354,George Miller,R,120,2015-05-15 00:00:00
Daddy's Home,,150357137,Sean Anders,PG-13,96,2015-12-25 00:00:00
The Divergent Series: Insurgent,110000000.0,130179072,Robert Schwentke,PG-13,119,2015-03-20 00:00:00
The Peanuts Movie,99000000.0,130178411,,G,93,2015-11-06 00:00:00
Kingsman: The Secret Service,81000000.0,128261724,Matthew Vaughn,R,129,2015-02-13 00:00:00
The Good Dinosaur,,123087120,,PG,100,2015-11-25 00:00:00
Spy,65000000.0,110825712,Paul Feig,R,120,2015-06-05 00:00:00
Trainwreck,35000000.0,110212700,Judd Apatow,R,125,2015-07-17 00:00:00
Creed,35000000.0,109767581,Ryan Coogler,PG-13,133,2015-11-25 00:00:00
Tomorrowland,190000000.0,93436322,Brad Bird,PG,130,2015-05-22 00:00:00
Get Hard,40000000.0,90411453,Etan Cohen,R,100,2015-03-27 00:00:00
Terminator: Genisys,155000000.0,89760956,Alan Taylor,PG-13,126,2015-07-01 00:00:00
Taken 3,48000000.0,89256424,Olivier Megaton,PG-13,109,2015-01-09 00:00:00
Sisters,30000000.0,87044645,Jason Moore,R,118,2015-12-18 00:00:00
Alvin and the Chipmunks: The Road Chip,,85886987,,PG,86,2015-12-18 00:00:00
Maze Runner: The Scorch Trials,61000000.0,81697192,Wes Ball,PG-13,131,2015-09-18 00:00:00
Ted 2,68000000.0,81476385,Seth MacFarlane,R,115,2015-06-26 00:00:00
Goosebumps,58000000.0,80080379,Rob Letterman,PG,103,2015-10-16 00:00:00
Pixels,88000000.0,78747585,Chris Columbus,PG-13,105,2015-07-24 00:00:00
Paddington,55000000.0,76271832,Paul King,PG,95,2015-01-16 00:00:00
The Intern,35000000.0,75764672,Nancy Meyers,PG-13,121,2015-09-25 00:00:00
Bridge of Spies,40000000.0,72313754,Steven Spielberg,PG-13,140,2015-10-16 00:00:00
Paul Blart: Mall Cop 2,30000000.0,71038190,Andy Fickman,PG,94,2015-04-17 00:00:00
The Big Short,28000000.0,70259870,Adam McKay,R,130,2015-12-11 00:00:00
War Room,3000000.0,67790117,Alex Kendrick,PG,120,2015-08-28 00:00:00
Magic Mike XXL,14800000.0,66013057,Gregory Jacobs,R,115,2015-07-01 00:00:00
The Visit,5000000.0,65206105,M. Night Shyamalan,PG-13,94,2015-09-11 00:00:00
The Wedding Ringer,23000000.0,64460211,Jeremy Garelick,R,101,2015-01-16 00:00:00
Black Mass,53000000.0,62575678,Scott Cooper,R,122,2015-09-18 00:00:00
Vacation,31000000.0,58884188,Jonathan M. Goldstein,R,99,2015-07-29 00:00:00
The Perfect Guy,12000000.0,57027435,,PG-13,100,2015-09-11 00:00:00
Joy,60000000.0,56451232,David O. Russell,PG-13,124,2015-12-25 00:00:00
Fantastic Four,120000000.0,56117548,Josh Trank,PG-13,100,2015-08-07 00:00:00
The Hateful Eight,44000000.0,54117416,Quentin Tarantino,R,167,2015-12-25 00:00:00
Focus (2015),50100000.0,53862963,"Glenn Ficarra, John Requa",R,104,2015-02-27 00:00:00
Southpaw,30000000.0,52421953,Antoine Fuqua,R,123,2015-07-24 00:00:00
Insidious Chapter 3,10000000.0,52218558,Leigh Whannell,PG-13,97,2015-06-05 00:00:00
Poltergeist (2015),35000000.0,47425125,Gil Kenan,PG-13,93,2015-05-22 00:00:00
Jupiter Ascending,176000000.0,47387723,Lilly & Lana Wachowski,PG-13,127,2015-02-06 00:00:00
Sicario,30000000.0,46889293,Denis Villeneuve,R,121,2015-09-18 00:00:00
The Man From U.N.C.L.E.,75000000.0,45445109,Guy Ritchie,PG-13,116,2015-08-14 00:00:00
Spotlight,,45055776,Tom McCarthy,R,128,2015-11-06 00:00:00
"McFarland, USA",,44482410,Niki Caro,PG,128,2015-02-20 00:00:00
The Gift (2015),5000000.0,43787265,,R,108,2015-08-07 00:00:00
Everest (2015),55000000.0,43482270,Baltasar Kormakur,PG-13,121,2015-09-18 00:00:00
The Night Before,25000000.0,43047372,Jonathan Levine,R,101,2015-11-20 00:00:00
Krampus,15000000.0,42725475,Michael Dougherty,PG-13,98,2015-12-04 00:00:00
Max (2015),20000000.0,42656255,Boaz Yakin,PG,111,2015-06-26 00:00:00
The Age of Adaline,,42629776,,PG-13,112,2015-04-24 00:00:00
Brooklyn,,38322743,John Crowley,PG-13,111,2015-11-04 00:00:00
The Longest Ride,34000000.0,37446117,"George Tillman, Jr.",PG-13,139,2015-04-10 00:00:00
The Boy Next Door,4000000.0,35423380,Rob Cohen,R,91,2015-01-23 00:00:00
Pan,150000000.0,35088320,Joe Wright,PG,111,2015-10-09 00:00:00
Hot Pursuit,35000000.0,34580201,Anne Fletcher,PG-13,87,2015-05-08 00:00:00
Concussion (2015),35000000.0,34542474,Peter Landesman,PG-13,123,2015-12-25 00:00:00
The DUFF,8500000.0,34030343,Ari Sandel,PG-13,101,2015-02-20 00:00:00
Woman in Gold,11000000.0,33307793,,PG-13,109,2015-04-01 00:00:00
The Second Best Exotic Marigold Hotel,10000000.0,33078266,John Madden,PG,122,2015-03-06 00:00:00
Unfriended,1000000.0,32482090,,R,83,2015-04-17 00:00:00
Entourage,30000000.0,32363404,,R,104,2015-06-03 00:00:00
Paper Towns,12000000.0,32000304,Jake Schreier,PG-13,109,2015-07-24 00:00:00
Chappie,49000000.0,31569268,Neill Blomkamp,R,120,2015-03-06 00:00:00
Crimson Peak,55000000.0,31090320,Guillermo del Toro,R,119,2015-10-16 00:00:00
A Walk in the Woods,,29504281,,R,104,2015-09-02 00:00:00
Point Break (2015),105000000.0,28782481,,PG-13,113,2015-12-25 00:00:00
Sinister 2,10000000.0,27740955,,R,97,2015-08-21 00:00:00
The Last Witch Hunter,90000000.0,27367660,,PG-13,106,2015-10-23 00:00:00
No Escape,,27288872,John Erick Dowdle,R,101,2015-08-26 00:00:00
Ricki and the Flash,18000000.0,26822144,Jonathan Demme,PG-13,101,2015-08-07 00:00:00
The Woman in Black 2: Angel of Death,,26501323,,PG-13,98,2015-01-02 00:00:00
Run All Night,50000000.0,26461644,Jaume Collet-Serra,R,114,2015-03-13 00:00:00
Love the Coopers,17000000.0,26302731,,PG-13,107,2015-11-13 00:00:00
The Lazarus Effect,3300000.0,25801047,David Gelb,PG-13,83,2015-02-27 00:00:00
Ex Machina,15000000.0,25442958,Alex Garland,R,110,2015-04-10 00:00:00
In the Heart of the Sea,100000000.0,25020758,Ron Howard,PG-13,121,2015-12-11 00:00:00
The Gallows,100000.0,22764410,,R,81,2015-07-10 00:00:00
Hitman: Agent 47,35000000.0,22467450,,R,96,2015-08-21 00:00:00
Project Almanac,12000000.0,22348241,Dean Israelite,PG-13,106,2015-01-30 00:00:00
Black or White,9000000.0,21571189,Mike Binder,PG-13,121,2015-01-30 00:00:00
Aloha,37000000.0,21067116,Cameron Crowe,PG-13,105,2015-05-29 00:00:00
Rogue One: A Star Wars Story,200000000.0,530118047,Gareth Edwards,PG-13,133,2016-12-16 00:00:00
Finding Dory,,486295561,Andrew Stanton,PG,103,2016-06-17 00:00:00
Captain America: Civil War,250000000.0,408084349,"Anthony Russo, Joe Russo",PG-13,147,2016-05-06 00:00:00
The Secret Life of Pets,75000000.0,368384330,Chris Renaud,PG,90,2016-07-08 00:00:00
The Jungle Book (2016),175000000.0,364001123,Jon Favreau,PG,105,2016-04-15 00:00:00
Deadpool,58000000.0,363070709,,R,106,2016-02-12 00:00:00
Zootopia,,341268248,Rich Moore,PG,108,2016-03-04 00:00:00
Batman v Superman: Dawn of Justice,250000000.0,330360194,Zack Snyder,PG-13,151,2016-03-25 00:00:00
Suicide Squad,175000000.0,325100054,David Ayer,PG-13,130,2016-08-05 00:00:00
Sing,75000000.0,268744865,Garth Jennings,PG,110,2016-12-21 00:00:00
Moana,,247486833,,PG,103,2016-11-23 00:00:00
Fantastic Beasts and Where To Find Them,180000000.0,233818593,David Yates,PG-13,140,2016-11-18 00:00:00
Doctor Strange,165000000.0,232630718,Scott Derrickson,PG-13,115,2016-11-04 00:00:00
Hidden Figures,25000000.0,162861188,Theodore Melfi,PG,127,2016-12-25 00:00:00
Jason Bourne,120000000.0,162434410,Paul Greengrass,PG-13,123,2016-07-29 00:00:00
Star Trek Beyond,185000000.0,158848340,Justin Lin,PG-13,120,2016-07-22 00:00:00
X-Men: Apocalypse,178000000.0,155442489,Bryan Singer,PG-13,143,2016-05-27 00:00:00
Trolls,125000000.0,153584569,Mike Mitchell,PG,94,2016-11-04 00:00:00
La La Land,30000000.0,148449258,Damien Chazelle,PG-13,128,2016-12-09 00:00:00
Kung Fu Panda 3,,143528619,Jennifer Yuh Nelson,PG,95,2016-01-29 00:00:00
Ghostbusters (2016),144000000.0,128350574,Paul Feig,PG-13,108,2016-07-15 00:00:00
Central Intelligence,50000000.0,127440871,Rawson Marshall Thurber,PG-13,107,2016-06-17 00:00:00
The Legend of Tarzan,180000000.0,126643061,David Yates,PG-13,109,2016-07-01 00:00:00
Sully,60000000.0,125070033,Clint Eastwood,PG-13,96,2016-09-09 00:00:00
Bad Moms,20000000.0,113257297,"Jon Lucas, Scott Moore",R,101,2016-07-29 00:00:00
The Angry Birds Movie,73000000.0,107509366,,PG,97,2016-05-20 00:00:00
Independence Day: Resurgence,165000000.0,103144286,Roland Emmerich,PG-13,120,2016-06-24 00:00:00
The Conjuring 2,40000000.0,102470008,James Wan,R,134,2016-06-10 00:00:00
Arrival,47000000.0,100546139,Denis Villeneuve,PG-13,116,2016-11-11 00:00:00
Passengers (2016),110000000.0,99350745,Morten Tyldum,PG-13,116,2016-12-21 00:00:00
Sausage Party,19000000.0,97685686,Conrad Vernon,R,89,2016-08-12 00:00:00
The Magnificent Seven (2016),90000000.0,93432655,Antoine Fuqua,PG-13,133,2016-09-23 00:00:00
Ride Along 2,40000000.0,91221830,Tim Story,PG-13,101,2016-01-15 00:00:00
Don't Breathe,9900000.0,89217875,Fede Alvarez,R,88,2016-08-26 00:00:00
Miss Peregrine's Home for Peculiar Children,110000000.0,87242834,Tim Burton,PG-13,127,2016-09-30 00:00:00
The Accountant,44000000.0,86260045,Gavin O'Connor,R,128,2016-10-14 00:00:00
Teenage Mutant Ninja Turtles: Out of the Shadows,135000000.0,82051601,Dave Green,PG-13,112,2016-06-03 00:00:00
The Purge: Election Year,10000000.0,79213375,,R,105,2016-07-01 00:00:00
Alice Through the Looking Glass,170000000.0,77041381,,PG,112,2016-05-27 00:00:00
Pete's Dragon (2016),65000000.0,76233151,,PG,102,2016-08-12 00:00:00
The Girl on the Train (2016),45000000.0,75395035,Tate Taylor,R,112,2016-10-07 00:00:00
Boo! A Madea Halloween,20000000.0,73206343,Tyler Perry,PG-13,103,2016-10-21 00:00:00
Storks,70000000.0,72679278,Nick Stoller,PG,89,2016-09-23 00:00:00
10 Cloverfield Lane,,72082998,,PG-13,105,2016-03-11 00:00:00
Lights Out,4900000.0,67268835,,PG-13,81,2016-07-22 00:00:00
Hacksaw Ridge,,67209615,Mel Gibson,R,131,2016-11-04 00:00:00
The Divergent Series: Allegiant,,66184051,Robert Schwentke,PG-13,121,2016-03-18 00:00:00
Now You See Me 2,,65075540,Jon Chu,PG-13,129,2016-06-10 00:00:00
Ice Age: Collision Course,105000000.0,64063008,,PG,94,2016-07-22 00:00:00
The Boss,29000000.0,63285885,,R,99,2016-04-08 00:00:00
London Has Fallen,60000000.0,62524260,,R,99,2016-03-04 00:00:00
Miracles from Heaven,13000000.0,61705123,,PG,109,2016-03-16 00:00:00
Deepwater Horizon,110000000.0,61433527,Peter Berg,PG-13,107,2016-09-30 00:00:00
Why Him?,38000000.0,60191438,,R,111,2016-12-23 00:00:00
My Big Fat Greek Wedding 2,,59689605,Kirk Jones,PG-13,94,2016-03-25 00:00:00
Jack Reacher: Never Go Back,60000000.0,58697076,Edward Zwick,PG-13,118,2016-10-21 00:00:00
Fences,24000000.0,57393468,Denzel Washington,PG-13,138,2016-12-16 00:00:00
Me Before You,20000000.0,56245075,,PG-13,110,2016-06-03 00:00:00
The BFG,140000000.0,55483770,Steven Spielberg,PG,117,2016-07-01 00:00:00
Neighbors 2: Sorority Rising,,55455765,Nick Stoller,R,91,2016-05-20 00:00:00
The Shallows,17000000.0,55124043,Jaume Collet-Serra,PG-13,85,2016-06-24 00:00:00
Office Christmas Party,45000000.0,54767494,"Josh Gordon, Will Speck",R,105,2016-12-09 00:00:00
Assassin's Creed,125000000.0,54647948,,PG-13,140,2016-12-21 00:00:00
Barbershop: The Next Cut,,54030051,Malcolm D. Lee,PG-13,112,2016-04-15 00:00:00
13 Hours: The Secret Soldiers of Benghazi,50000000.0,52853219,Michael Bay,R,144,2016-01-15 00:00:00
Lion,,48647617,,PG-13,120,2016-11-25 00:00:00
The Huntsman: Winter's War,115000000.0,48390190,,PG-13,114,2016-04-22 00:00:00
Kubo and the Two Strings,60000000.0,48023088,Travis Knight,PG,101,2016-08-19 00:00:00
Manchester by the Sea,,47532151,Kenneth Lonergan,R,135,2016-11-18 00:00:00
Warcraft,160000000.0,47365290,Duncan Jones,PG-13,123,2016-06-10 00:00:00
How to Be Single,38000000.0,46843513,,R,110,2016-02-12 00:00:00
Mike and Dave Need Wedding Dates,33000000.0,46009673,,R,98,2016-07-08 00:00:00
War Dogs,,43034523,Todd Phillips,R,114,2016-08-19 00:00:00
Almost Christmas,17000000.0,42065185,,PG-13,112,2016-11-11 00:00:00
Money Monster,27000000.0,41012075,Jodie Foster,R,95,2016-05-13 00:00:00
Allied,85000000.0,40098064,Robert Zemeckis,R,121,2016-11-23 00:00:00
Nerve,,38583626,"Henry Joost, Ariel Schulman",PG-13,96,2016-07-27 00:00:00
Risen,20000000.0,36880033,Kevin Reynolds,PG-13,107,2016-02-19 00:00:00
The Nice Guys,,36261763,Shane Black,R,116,2016-05-20 00:00:00
The Boy (2016),10000000.0,35819556,William Brent Bell,PG-13,98,2016-01-22 00:00:00
Dirty Grandpa,,35593113,,R,102,2016-01-22 00:00:00
Ouija: Origin of Evil,9000000.0,35144505,Mike Flanagan,PG-13,99,2016-10-21 00:00:00
The 5th Wave,38000000.0,34916787,,PG-13,112,2016-01-22 00:00:00
Inferno,75000000.0,34343574,Ron Howard,PG-13,121,2016-10-28 00:00:00
Mother's Day,25000000.0,32492859,Garry Marshall,PG-13,118,2016-04-29 00:00:00
Patriots Day,45000000.0,31886361,Peter Berg,R,130,2016-12-21 00:00:00
Gods of Egypt,140000000.0,31153464,Alex Proyas,PG-13,127,2016-02-26 00:00:00
Collateral Beauty,36000000.0,31016021,David Frankel,PG-13,94,2016-12-16 00:00:00
"Hail, Caesar!",22000000.0,30498085,"Ethan Coen, Joel Coen",PG-13,100,2016-02-05 00:00:00
When the Bough Breaks,10000000.0,29747603,,PG-13,107,2016-09-09 00:00:00
Zoolander 2,,28848693,Ben Stiller,PG-13,100,2016-02-12 00:00:00
The Finest Hours,,27569558,Craig Gillespie,PG-13,109,2016-01-29 00:00:00
Florence Foster Jenkins,,27383770,Stephen Frears,PG-13,110,2016-08-12 00:00:00
Hell or High Water,12000000.0,27007844,,R,102,2016-08-12 00:00:00
Moonlight (2016),,26895353,,R,110,2016-10-21 00:00:00
The Forest,10000000.0,26594261,,PG-13,95,2016-01-08 00:00:00
Ben-Hur (2016),100000000.0,26410477,Timur Bekmambetov,PG-13,123,2016-08-19 00:00:00
The Witch,,25138705,,R,92,2016-02-19 00:00:00
Bridget Jones's Baby,35000000.0,24252420,,R,122,2016-09-16 00:00:00
Kevin Hart: What Now?,9900000.0,23591043,,R,96,2016-10-14 00:00:00
